image_name,timestamp
frame0.jpg,0.0
frame4.jpg,133.46666666666667
frame8.jpg,266.93333333333334
frame12.jpg,400.40000000000003
frame16.jpg,533.8666666666667
frame20.jpg,667.3333333333334
frame24.jpg,800.8000000000001
frame28.jpg,934.2666666666667
frame32.jpg,1067.7333333333333
frame36.jpg,1201.2
frame40.jpg,1334.6666666666667
frame44.jpg,1468.1333333333334
frame48.jpg,1601.6000000000001
frame52.jpg,1735.0666666666668
frame56.jpg,1868.5333333333333
frame60.jpg,2002.0000000000002
frame64.jpg,2135.4666666666667
frame68.jpg,2268.9333333333334
frame72.jpg,2402.4
frame76.jpg,2535.866666666667
frame80.jpg,2669.3333333333335
frame84.jpg,2802.8
frame88.jpg,2936.266666666667
frame92.jpg,3069.7333333333336
frame96.jpg,3203.2000000000003
frame100.jpg,3336.666666666667
frame104.jpg,3470.1333333333337
frame108.jpg,3603.6000000000004
frame112.jpg,3737.0666666666666
frame116.jpg,3870.5333333333333
frame120.jpg,4004.0000000000005
frame124.jpg,4137.466666666666
frame128.jpg,4270.933333333333
frame132.jpg,4404.4
frame136.jpg,4537.866666666667
frame140.jpg,4671.333333333333
frame144.jpg,4804.8
frame148.jpg,4938.266666666667
frame152.jpg,5071.733333333334
frame156.jpg,5205.200000000001
frame160.jpg,5338.666666666667
frame164.jpg,5472.133333333334
frame168.jpg,5605.6
frame172.jpg,5739.066666666667
frame176.jpg,5872.533333333334
frame180.jpg,6006.0
frame184.jpg,6139.466666666667
frame188.jpg,6272.933333333333
frame192.jpg,6406.400000000001
frame196.jpg,6539.866666666667
frame200.jpg,6673.333333333334
frame204.jpg,6806.8
frame208.jpg,6940.266666666667
frame212.jpg,7073.7333333333345
frame216.jpg,7207.200000000001
frame220.jpg,7340.666666666667
frame224.jpg,7474.133333333333
frame228.jpg,7607.6
frame232.jpg,7741.066666666667
frame236.jpg,7874.533333333334
frame240.jpg,8008.000000000001
frame244.jpg,8141.466666666666
frame248.jpg,8274.933333333332
frame252.jpg,8408.4
frame256.jpg,8541.866666666667
frame260.jpg,8675.333333333334
frame264.jpg,8808.8
frame268.jpg,8942.266666666666
frame272.jpg,9075.733333333334
frame276.jpg,9209.2
frame280.jpg,9342.666666666666
frame284.jpg,9476.133333333333
frame288.jpg,9609.6
frame292.jpg,9743.066666666668
frame296.jpg,9876.533333333335
frame300.jpg,10010.0
frame304.jpg,10143.466666666667
frame308.jpg,10276.933333333334
frame312.jpg,10410.400000000001
frame316.jpg,10543.866666666669
frame320.jpg,10677.333333333334
frame324.jpg,10810.800000000001
frame328.jpg,10944.266666666668
frame332.jpg,11077.733333333335
frame336.jpg,11211.2
frame340.jpg,11344.666666666666
frame344.jpg,11478.133333333333
frame348.jpg,11611.6
frame352.jpg,11745.066666666668
frame356.jpg,11878.533333333333
frame360.jpg,12012.0
frame364.jpg,12145.466666666667
frame368.jpg,12278.933333333334
frame372.jpg,12412.4
frame376.jpg,12545.866666666667
frame380.jpg,12679.333333333334
frame384.jpg,12812.800000000001
frame388.jpg,12946.266666666668
frame392.jpg,13079.733333333334
frame396.jpg,13213.2
frame400.jpg,13346.666666666668
frame404.jpg,13480.133333333335
frame408.jpg,13613.6
frame412.jpg,13747.066666666668
frame416.jpg,13880.533333333335
frame420.jpg,14014.000000000002
frame424.jpg,14147.466666666669
frame428.jpg,14280.933333333334
frame432.jpg,14414.400000000001
frame436.jpg,14547.866666666667
frame440.jpg,14681.333333333334
frame444.jpg,14814.8
frame448.jpg,14948.266666666666
frame452.jpg,15081.733333333334
frame456.jpg,15215.2
frame460.jpg,15348.666666666668
frame464.jpg,15482.133333333333
frame468.jpg,15615.6
frame472.jpg,15749.066666666668
frame476.jpg,15882.533333333335
frame480.jpg,16016.000000000002
frame484.jpg,16149.466666666669
frame488.jpg,16282.933333333332
frame492.jpg,16416.399999999998
frame496.jpg,16549.866666666665
frame500.jpg,16683.333333333332
frame504.jpg,16816.8
frame508.jpg,16950.266666666666
frame512.jpg,17083.733333333334
frame516.jpg,17217.2
frame520.jpg,17350.666666666668
frame524.jpg,17484.13333333333
frame528.jpg,17617.6
frame532.jpg,17751.066666666666
frame536.jpg,17884.533333333333
frame540.jpg,18018.0
frame544.jpg,18151.466666666667
frame548.jpg,18284.933333333334
frame552.jpg,18418.4
frame556.jpg,18551.86666666667
frame560.jpg,18685.333333333332
frame564.jpg,18818.8
frame568.jpg,18952.266666666666
frame572.jpg,19085.733333333334
frame576.jpg,19219.2
frame580.jpg,19352.666666666668
frame584.jpg,19486.133333333335
frame588.jpg,19619.600000000002
frame592.jpg,19753.06666666667
frame596.jpg,19886.533333333336
frame600.jpg,20020.0
frame604.jpg,20153.466666666667
frame608.jpg,20286.933333333334
frame612.jpg,20420.4
frame616.jpg,20553.86666666667
frame620.jpg,20687.333333333336
frame624.jpg,20820.800000000003
frame628.jpg,20954.26666666667
frame632.jpg,21087.733333333337
frame636.jpg,21221.2
frame640.jpg,21354.666666666668
frame644.jpg,21488.133333333335
frame648.jpg,21621.600000000002
frame652.jpg,21755.06666666667
frame656.jpg,21888.533333333336
frame660.jpg,22022.000000000004
frame664.jpg,22155.46666666667
frame668.jpg,22288.933333333338
frame672.jpg,22422.4
frame676.jpg,22555.866666666665
frame680.jpg,22689.333333333332
frame684.jpg,22822.8
frame688.jpg,22956.266666666666
frame692.jpg,23089.733333333334
frame696.jpg,23223.2
frame700.jpg,23356.666666666668
frame704.jpg,23490.133333333335
frame708.jpg,23623.6
frame712.jpg,23757.066666666666
frame716.jpg,23890.533333333333
frame720.jpg,24024.0
frame724.jpg,24157.466666666667
frame728.jpg,24290.933333333334
frame732.jpg,24424.4
frame736.jpg,24557.86666666667
frame740.jpg,24691.333333333336
frame744.jpg,24824.8
frame748.jpg,24958.266666666666
frame752.jpg,25091.733333333334
frame756.jpg,25225.2
frame760.jpg,25358.666666666668
frame764.jpg,25492.133333333335
frame768.jpg,25625.600000000002
frame772.jpg,25759.06666666667
frame776.jpg,25892.533333333336
frame780.jpg,26026.0
frame784.jpg,26159.466666666667
frame788.jpg,26292.933333333334
frame792.jpg,26426.4
frame796.jpg,26559.86666666667
frame800.jpg,26693.333333333336
frame804.jpg,26826.800000000003
frame808.jpg,26960.26666666667
frame812.jpg,27093.733333333337
frame816.jpg,27227.2
frame820.jpg,27360.666666666668
frame824.jpg,27494.133333333335
frame828.jpg,27627.600000000002
frame832.jpg,27761.06666666667
frame836.jpg,27894.533333333336
frame840.jpg,28028.000000000004
frame844.jpg,28161.46666666667
frame848.jpg,28294.933333333338
frame852.jpg,28428.4
frame856.jpg,28561.86666666667
frame860.jpg,28695.333333333336
frame864.jpg,28828.800000000003
frame868.jpg,28962.266666666666
frame872.jpg,29095.733333333334
frame876.jpg,29229.2
frame880.jpg,29362.666666666668
frame884.jpg,29496.133333333335
frame888.jpg,29629.6
frame892.jpg,29763.066666666666
frame896.jpg,29896.533333333333
frame900.jpg,30030.0
frame904.jpg,30163.466666666667
frame908.jpg,30296.933333333334
frame912.jpg,30430.4
frame916.jpg,30563.86666666667
frame920.jpg,30697.333333333336
frame924.jpg,30830.8
frame928.jpg,30964.266666666666
frame932.jpg,31097.733333333334
frame936.jpg,31231.2
frame940.jpg,31364.666666666668
frame944.jpg,31498.133333333335
frame948.jpg,31631.600000000002
frame952.jpg,31765.06666666667
frame956.jpg,31898.533333333336
frame960.jpg,32032.000000000004
frame964.jpg,32165.466666666667
frame968.jpg,32298.933333333338
frame972.jpg,32432.4
frame976.jpg,32565.866666666665
frame980.jpg,32699.333333333336
frame984.jpg,32832.799999999996
frame988.jpg,32966.26666666667
frame992.jpg,33099.73333333333
frame996.jpg,33233.200000000004
frame1000.jpg,33366.666666666664
frame1004.jpg,33500.13333333334
frame1008.jpg,33633.6
frame1012.jpg,33767.066666666666
frame1016.jpg,33900.53333333333
frame1020.jpg,34034.0
frame1024.jpg,34167.46666666667
frame1028.jpg,34300.933333333334
frame1032.jpg,34434.4
frame1036.jpg,34567.86666666667
frame1040.jpg,34701.333333333336
frame1044.jpg,34834.8
frame1048.jpg,34968.26666666666
frame1052.jpg,35101.73333333334
frame1056.jpg,35235.2
frame1060.jpg,35368.66666666667
frame1064.jpg,35502.13333333333
frame1068.jpg,35635.600000000006
frame1072.jpg,35769.066666666666
frame1076.jpg,35902.53333333334
frame1080.jpg,36036.0
frame1084.jpg,36169.46666666667
frame1088.jpg,36302.933333333334
frame1092.jpg,36436.4
frame1096.jpg,36569.86666666667
frame1100.jpg,36703.333333333336
frame1104.jpg,36836.8
frame1108.jpg,36970.26666666667
frame1112.jpg,37103.73333333334
frame1116.jpg,37237.200000000004
frame1120.jpg,37370.666666666664
frame1124.jpg,37504.13333333334
frame1128.jpg,37637.6
frame1132.jpg,37771.06666666667
frame1136.jpg,37904.53333333333
frame1140.jpg,38038.00000000001
frame1144.jpg,38171.46666666667
frame1148.jpg,38304.933333333334
frame1152.jpg,38438.4
frame1156.jpg,38571.86666666667
frame1160.jpg,38705.333333333336
frame1164.jpg,38838.799999999996
frame1168.jpg,38972.26666666667
frame1172.jpg,39105.73333333333
frame1176.jpg,39239.200000000004
frame1180.jpg,39372.666666666664
frame1184.jpg,39506.13333333334
frame1188.jpg,39639.6
frame1192.jpg,39773.06666666667
frame1196.jpg,39906.53333333333
frame1200.jpg,40040.0
frame1204.jpg,40173.46666666667
frame1208.jpg,40306.933333333334
frame1212.jpg,40440.4
frame1216.jpg,40573.86666666667
frame1220.jpg,40707.333333333336
frame1224.jpg,40840.8
frame1228.jpg,40974.26666666667
frame1232.jpg,41107.73333333334
frame1236.jpg,41241.2
frame1240.jpg,41374.66666666667
frame1244.jpg,41508.13333333333
frame1248.jpg,41641.600000000006
frame1252.jpg,41775.066666666666
frame1256.jpg,41908.53333333334
frame1260.jpg,42042.0
frame1264.jpg,42175.466666666674
frame1268.jpg,42308.933333333334
frame1272.jpg,42442.4
frame1276.jpg,42575.86666666667
frame1280.jpg,42709.333333333336
frame1284.jpg,42842.8
frame1288.jpg,42976.26666666667
frame1292.jpg,43109.73333333334
frame1296.jpg,43243.200000000004
frame1300.jpg,43376.66666666667
frame1304.jpg,43510.13333333334
frame1308.jpg,43643.6
frame1312.jpg,43777.06666666667
frame1316.jpg,43910.53333333333
frame1320.jpg,44044.00000000001
frame1324.jpg,44177.46666666667
frame1328.jpg,44310.93333333334
frame1332.jpg,44444.4
frame1336.jpg,44577.866666666676
frame1340.jpg,44711.333333333336
frame1344.jpg,44844.8
frame1348.jpg,44978.26666666667
frame1352.jpg,45111.73333333333
frame1356.jpg,45245.200000000004
frame1360.jpg,45378.666666666664
frame1364.jpg,45512.13333333334
frame1368.jpg,45645.6
frame1372.jpg,45779.06666666667
frame1376.jpg,45912.53333333333
frame1380.jpg,46046.0
frame1384.jpg,46179.46666666667
frame1388.jpg,46312.933333333334
frame1392.jpg,46446.4
frame1396.jpg,46579.86666666667
frame1400.jpg,46713.333333333336
frame1404.jpg,46846.8
frame1408.jpg,46980.26666666667
frame1412.jpg,47113.73333333334
frame1416.jpg,47247.2
frame1420.jpg,47380.66666666667
frame1424.jpg,47514.13333333333
frame1428.jpg,47647.600000000006
frame1432.jpg,47781.066666666666
frame1436.jpg,47914.53333333334
frame1440.jpg,48048.0
frame1444.jpg,48181.466666666674
frame1448.jpg,48314.933333333334
frame1452.jpg,48448.4
frame1456.jpg,48581.86666666667
frame1460.jpg,48715.333333333336
frame1464.jpg,48848.8
frame1468.jpg,48982.26666666667
frame1472.jpg,49115.73333333334
frame1476.jpg,49249.200000000004
frame1480.jpg,49382.66666666667
frame1484.jpg,49516.13333333334
frame1488.jpg,49649.6
frame1492.jpg,49783.06666666667
frame1496.jpg,49916.53333333333
frame1500.jpg,50050.00000000001
frame1504.jpg,50183.46666666667
frame1508.jpg,50316.93333333334
frame1512.jpg,50450.4
frame1516.jpg,50583.866666666676
frame1520.jpg,50717.333333333336
frame1524.jpg,50850.8
frame1528.jpg,50984.26666666667
frame1532.jpg,51117.73333333334
frame1536.jpg,51251.200000000004
frame1540.jpg,51384.666666666664
frame1544.jpg,51518.13333333334
frame1548.jpg,51651.6
frame1552.jpg,51785.06666666667
frame1556.jpg,51918.53333333333
frame1560.jpg,52052.0
frame1564.jpg,52185.46666666667
frame1568.jpg,52318.933333333334
frame1572.jpg,52452.4
frame1576.jpg,52585.86666666667
frame1580.jpg,52719.333333333336
frame1584.jpg,52852.8
frame1588.jpg,52986.26666666667
frame1592.jpg,53119.73333333334
frame1596.jpg,53253.2
frame1600.jpg,53386.66666666667
frame1604.jpg,53520.13333333333
frame1608.jpg,53653.600000000006
frame1612.jpg,53787.066666666666
frame1616.jpg,53920.53333333334
frame1620.jpg,54054.0
frame1624.jpg,54187.466666666674
frame1628.jpg,54320.933333333334
frame1632.jpg,54454.4
frame1636.jpg,54587.86666666667
frame1640.jpg,54721.333333333336
frame1644.jpg,54854.8
frame1648.jpg,54988.26666666667
frame1652.jpg,55121.73333333334
frame1656.jpg,55255.200000000004
frame1660.jpg,55388.66666666667
frame1664.jpg,55522.13333333334
frame1668.jpg,55655.6
frame1672.jpg,55789.06666666667
frame1676.jpg,55922.53333333333
frame1680.jpg,56056.00000000001
frame1684.jpg,56189.46666666667
frame1688.jpg,56322.93333333334
frame1692.jpg,56456.4
frame1696.jpg,56589.866666666676
frame1700.jpg,56723.333333333336
frame1704.jpg,56856.8
frame1708.jpg,56990.26666666667
frame1712.jpg,57123.73333333334
frame1716.jpg,57257.200000000004
frame1720.jpg,57390.66666666667
frame1724.jpg,57524.13333333334
frame1728.jpg,57657.600000000006
frame1732.jpg,57791.06666666667
frame1736.jpg,57924.53333333333
frame1740.jpg,58058.0
frame1744.jpg,58191.46666666667
frame1748.jpg,58324.933333333334
frame1752.jpg,58458.4
frame1756.jpg,58591.86666666667
frame1760.jpg,58725.333333333336
frame1764.jpg,58858.8
frame1768.jpg,58992.26666666667
frame1772.jpg,59125.73333333334
frame1776.jpg,59259.2
frame1780.jpg,59392.66666666667
frame1784.jpg,59526.13333333333
frame1788.jpg,59659.600000000006
frame1792.jpg,59793.066666666666
frame1796.jpg,59926.53333333334
frame1800.jpg,60060.0
frame1804.jpg,60193.466666666674
frame1808.jpg,60326.933333333334
frame1812.jpg,60460.4
frame1816.jpg,60593.86666666667
frame1820.jpg,60727.333333333336
frame1824.jpg,60860.8
frame1828.jpg,60994.26666666667
frame1832.jpg,61127.73333333334
frame1836.jpg,61261.200000000004
frame1840.jpg,61394.66666666667
frame1844.jpg,61528.13333333334
frame1848.jpg,61661.6
frame1852.jpg,61795.06666666667
frame1856.jpg,61928.53333333333
frame1860.jpg,62062.00000000001
frame1864.jpg,62195.46666666667
frame1868.jpg,62328.93333333334
frame1872.jpg,62462.4
frame1876.jpg,62595.866666666676
frame1880.jpg,62729.333333333336
frame1884.jpg,62862.8
frame1888.jpg,62996.26666666667
frame1892.jpg,63129.73333333334
frame1896.jpg,63263.200000000004
frame1900.jpg,63396.66666666667
frame1904.jpg,63530.13333333334
frame1908.jpg,63663.600000000006
frame1912.jpg,63797.06666666667
frame1916.jpg,63930.53333333334
frame1920.jpg,64064.00000000001
frame1924.jpg,64197.46666666667
frame1928.jpg,64330.933333333334
frame1932.jpg,64464.399999999994
frame1936.jpg,64597.866666666676
frame1940.jpg,64731.333333333336
frame1944.jpg,64864.8
frame1948.jpg,64998.26666666666
frame1952.jpg,65131.73333333333
frame1956.jpg,65265.200000000004
frame1960.jpg,65398.66666666667
frame1964.jpg,65532.13333333333
frame1968.jpg,65665.59999999999
frame1972.jpg,65799.06666666668
frame1976.jpg,65932.53333333334
frame1980.jpg,66066.0
frame1984.jpg,66199.46666666666
frame1988.jpg,66332.93333333333
frame1992.jpg,66466.40000000001
frame1996.jpg,66599.86666666667
frame2000.jpg,66733.33333333333
frame2004.jpg,66866.8
frame2008.jpg,67000.26666666668
frame2012.jpg,67133.73333333334
frame2016.jpg,67267.2
frame2020.jpg,67400.66666666667
frame2024.jpg,67534.13333333333
frame2028.jpg,67667.6
frame2032.jpg,67801.06666666667
frame2036.jpg,67934.53333333334
frame2040.jpg,68068.0
frame2044.jpg,68201.46666666667
frame2048.jpg,68334.93333333333
frame2052.jpg,68468.40000000001
frame2056.jpg,68601.86666666667
frame2060.jpg,68735.33333333333
frame2064.jpg,68868.8
frame2068.jpg,69002.26666666668
frame2072.jpg,69135.73333333334
frame2076.jpg,69269.2
frame2080.jpg,69402.66666666667
frame2084.jpg,69536.13333333335
frame2088.jpg,69669.6
frame2092.jpg,69803.06666666667
frame2096.jpg,69936.53333333333
frame2100.jpg,70070.00000000001
frame2104.jpg,70203.46666666667
frame2108.jpg,70336.93333333333
frame2112.jpg,70470.4
frame2116.jpg,70603.86666666667
frame2120.jpg,70737.33333333334
frame2124.jpg,70870.8
frame2128.jpg,71004.26666666666
frame2132.jpg,71137.73333333332
frame2136.jpg,71271.20000000001
frame2140.jpg,71404.66666666667
frame2144.jpg,71538.13333333333
frame2148.jpg,71671.59999999999
frame2152.jpg,71805.06666666668
frame2156.jpg,71938.53333333334
frame2160.jpg,72072.0
frame2164.jpg,72205.46666666666
frame2168.jpg,72338.93333333333
frame2172.jpg,72472.40000000001
frame2176.jpg,72605.86666666667
frame2180.jpg,72739.33333333333
frame2184.jpg,72872.8
frame2188.jpg,73006.26666666668
frame2192.jpg,73139.73333333334
frame2196.jpg,73273.2
frame2200.jpg,73406.66666666667
frame2204.jpg,73540.13333333333
frame2208.jpg,73673.6
frame2212.jpg,73807.06666666667
frame2216.jpg,73940.53333333334
frame2220.jpg,74074.0
frame2224.jpg,74207.46666666667
frame2228.jpg,74340.93333333333
frame2232.jpg,74474.40000000001
frame2236.jpg,74607.86666666667
frame2240.jpg,74741.33333333333
frame2244.jpg,74874.8
frame2248.jpg,75008.26666666668
frame2252.jpg,75141.73333333334
frame2256.jpg,75275.2
frame2260.jpg,75408.66666666667
frame2264.jpg,75542.13333333335
frame2268.jpg,75675.6
frame2272.jpg,75809.06666666667
frame2276.jpg,75942.53333333333
frame2280.jpg,76076.00000000001
frame2284.jpg,76209.46666666667
frame2288.jpg,76342.93333333333
frame2292.jpg,76476.4
frame2296.jpg,76609.86666666667
frame2300.jpg,76743.33333333334
frame2304.jpg,76876.8
frame2308.jpg,77010.26666666666
frame2312.jpg,77143.73333333334
frame2316.jpg,77277.20000000001
frame2320.jpg,77410.66666666667
frame2324.jpg,77544.13333333333
frame2328.jpg,77677.59999999999
frame2332.jpg,77811.06666666668
frame2336.jpg,77944.53333333334
frame2340.jpg,78078.0
frame2344.jpg,78211.46666666666
frame2348.jpg,78344.93333333333
frame2352.jpg,78478.40000000001
frame2356.jpg,78611.86666666667
frame2360.jpg,78745.33333333333
frame2364.jpg,78878.8
frame2368.jpg,79012.26666666668
frame2372.jpg,79145.73333333334
frame2376.jpg,79279.2
frame2380.jpg,79412.66666666667
frame2384.jpg,79546.13333333335
frame2388.jpg,79679.6
frame2392.jpg,79813.06666666667
frame2396.jpg,79946.53333333334
frame2400.jpg,80080.0
frame2404.jpg,80213.46666666667
frame2408.jpg,80346.93333333333
frame2412.jpg,80480.40000000001
frame2416.jpg,80613.86666666667
frame2420.jpg,80747.33333333334
frame2424.jpg,80880.8
frame2428.jpg,81014.26666666668
frame2432.jpg,81147.73333333334
frame2436.jpg,81281.2
frame2440.jpg,81414.66666666667
frame2444.jpg,81548.13333333335
frame2448.jpg,81681.6
frame2452.jpg,81815.06666666667
frame2456.jpg,81948.53333333334
frame2460.jpg,82082.00000000001
frame2464.jpg,82215.46666666667
frame2468.jpg,82348.93333333333
frame2472.jpg,82482.4
frame2476.jpg,82615.86666666668
frame2480.jpg,82749.33333333334
frame2484.jpg,82882.8
frame2488.jpg,83016.26666666666
frame2492.jpg,83149.73333333334
frame2496.jpg,83283.20000000001
frame2500.jpg,83416.66666666667
frame2504.jpg,83550.13333333333
frame2508.jpg,83683.59999999999
frame2512.jpg,83817.06666666668
frame2516.jpg,83950.53333333334
frame2520.jpg,84084.0
frame2524.jpg,84217.46666666666
frame2528.jpg,84350.93333333335
frame2532.jpg,84484.40000000001
frame2536.jpg,84617.86666666667
frame2540.jpg,84751.33333333333
frame2544.jpg,84884.8
frame2548.jpg,85018.26666666668
frame2552.jpg,85151.73333333334
frame2556.jpg,85285.2
frame2560.jpg,85418.66666666667
frame2564.jpg,85552.13333333335
frame2568.jpg,85685.6
frame2572.jpg,85819.06666666667
frame2576.jpg,85952.53333333334
frame2580.jpg,86086.0
frame2584.jpg,86219.46666666667
frame2588.jpg,86352.93333333333
frame2592.jpg,86486.40000000001
frame2596.jpg,86619.86666666667
frame2600.jpg,86753.33333333334
frame2604.jpg,86886.8
frame2608.jpg,87020.26666666668
frame2612.jpg,87153.73333333334
frame2616.jpg,87287.2
frame2620.jpg,87420.66666666667
frame2624.jpg,87554.13333333335
frame2628.jpg,87687.6
frame2632.jpg,87821.06666666667
frame2636.jpg,87954.53333333334
frame2640.jpg,88088.00000000001
frame2644.jpg,88221.46666666667
frame2648.jpg,88354.93333333333
frame2652.jpg,88488.4
frame2656.jpg,88621.86666666668
frame2660.jpg,88755.33333333334
frame2664.jpg,88888.8
frame2668.jpg,89022.26666666666
frame2672.jpg,89155.73333333335
frame2676.jpg,89289.20000000001
frame2680.jpg,89422.66666666667
frame2684.jpg,89556.13333333333
frame2688.jpg,89689.6
frame2692.jpg,89823.06666666668
frame2696.jpg,89956.53333333334
frame2700.jpg,90090.0
frame2704.jpg,90223.46666666666
frame2708.jpg,90356.93333333335
frame2712.jpg,90490.40000000001
frame2716.jpg,90623.86666666667
frame2720.jpg,90757.33333333333
frame2724.jpg,90890.8
frame2728.jpg,91024.26666666668
frame2732.jpg,91157.73333333334
frame2736.jpg,91291.2
frame2740.jpg,91424.66666666667
frame2744.jpg,91558.13333333335
frame2748.jpg,91691.6
frame2752.jpg,91825.06666666667
frame2756.jpg,91958.53333333334
frame2760.jpg,92092.0
frame2764.jpg,92225.46666666667
frame2768.jpg,92358.93333333333
frame2772.jpg,92492.40000000001
frame2776.jpg,92625.86666666667
frame2780.jpg,92759.33333333334
frame2784.jpg,92892.8
frame2788.jpg,93026.26666666668
frame2792.jpg,93159.73333333334
frame2796.jpg,93293.2
frame2800.jpg,93426.66666666667
frame2804.jpg,93560.13333333335
frame2808.jpg,93693.6
frame2812.jpg,93827.06666666667
frame2816.jpg,93960.53333333334
frame2820.jpg,94094.00000000001
frame2824.jpg,94227.46666666667
frame2828.jpg,94360.93333333333
frame2832.jpg,94494.4
frame2836.jpg,94627.86666666668
frame2840.jpg,94761.33333333334
frame2844.jpg,94894.8
frame2848.jpg,95028.26666666666
frame2852.jpg,95161.73333333335
frame2856.jpg,95295.20000000001
frame2860.jpg,95428.66666666667
frame2864.jpg,95562.13333333333
frame2868.jpg,95695.6
frame2872.jpg,95829.06666666668
frame2876.jpg,95962.53333333334
frame2880.jpg,96096.0
frame2884.jpg,96229.46666666667
frame2888.jpg,96362.93333333335
frame2892.jpg,96496.40000000001
frame2896.jpg,96629.86666666667
frame2900.jpg,96763.33333333333
frame2904.jpg,96896.8
frame2908.jpg,97030.26666666668
frame2912.jpg,97163.73333333334
frame2916.jpg,97297.2
frame2920.jpg,97430.66666666667
frame2924.jpg,97564.13333333335
frame2928.jpg,97697.6
frame2932.jpg,97831.06666666667
frame2936.jpg,97964.53333333334
frame2940.jpg,98098.0
frame2944.jpg,98231.46666666667
frame2948.jpg,98364.93333333333
frame2952.jpg,98498.40000000001
frame2956.jpg,98631.86666666667
frame2960.jpg,98765.33333333334
frame2964.jpg,98898.8
frame2968.jpg,99032.26666666668
frame2972.jpg,99165.73333333334
frame2976.jpg,99299.2
frame2980.jpg,99432.66666666667
frame2984.jpg,99566.13333333335
frame2988.jpg,99699.6
frame2992.jpg,99833.06666666667
frame2996.jpg,99966.53333333334
frame3000.jpg,100100.00000000001
frame3004.jpg,100233.46666666667
frame3008.jpg,100366.93333333333
frame3012.jpg,100500.4
frame3016.jpg,100633.86666666668
frame3020.jpg,100767.33333333334
frame3024.jpg,100900.8
frame3028.jpg,101034.26666666666
frame3032.jpg,101167.73333333335
frame3036.jpg,101301.20000000001
frame3040.jpg,101434.66666666667
frame3044.jpg,101568.13333333333
frame3048.jpg,101701.6
frame3052.jpg,101835.06666666668
frame3056.jpg,101968.53333333334
frame3060.jpg,102102.0
frame3064.jpg,102235.46666666667
frame3068.jpg,102368.93333333335
frame3072.jpg,102502.40000000001
frame3076.jpg,102635.86666666667
frame3080.jpg,102769.33333333333
frame3084.jpg,102902.8
frame3088.jpg,103036.26666666668
frame3092.jpg,103169.73333333334
frame3096.jpg,103303.2
frame3100.jpg,103436.66666666667
frame3104.jpg,103570.13333333335
frame3108.jpg,103703.6
frame3112.jpg,103837.06666666667
frame3116.jpg,103970.53333333334
frame3120.jpg,104104.0
frame3124.jpg,104237.46666666667
frame3128.jpg,104370.93333333333
frame3132.jpg,104504.40000000001
frame3136.jpg,104637.86666666667
frame3140.jpg,104771.33333333334
frame3144.jpg,104904.8
frame3148.jpg,105038.26666666668
frame3152.jpg,105171.73333333334
frame3156.jpg,105305.2
frame3160.jpg,105438.66666666667
frame3164.jpg,105572.13333333335
frame3168.jpg,105705.6
frame3172.jpg,105839.06666666667
frame3176.jpg,105972.53333333334
frame3180.jpg,106106.00000000001
frame3184.jpg,106239.46666666667
frame3188.jpg,106372.93333333333
frame3192.jpg,106506.4
frame3196.jpg,106639.86666666668
frame3200.jpg,106773.33333333334
frame3204.jpg,106906.8
frame3208.jpg,107040.26666666666
frame3212.jpg,107173.73333333335
frame3216.jpg,107307.20000000001
frame3220.jpg,107440.66666666667
frame3224.jpg,107574.13333333333
frame3228.jpg,107707.6
frame3232.jpg,107841.06666666668
frame3236.jpg,107974.53333333334
frame3240.jpg,108108.0
frame3244.jpg,108241.46666666667
frame3248.jpg,108374.93333333335
frame3252.jpg,108508.40000000001
frame3256.jpg,108641.86666666667
frame3260.jpg,108775.33333333334
frame3264.jpg,108908.8
frame3268.jpg,109042.26666666668
frame3272.jpg,109175.73333333334
frame3276.jpg,109309.2
frame3280.jpg,109442.66666666667
frame3284.jpg,109576.13333333335
frame3288.jpg,109709.6
frame3292.jpg,109843.06666666667
frame3296.jpg,109976.53333333334
frame3300.jpg,110110.0
frame3304.jpg,110243.46666666667
frame3308.jpg,110376.93333333333
frame3312.jpg,110510.40000000001
frame3316.jpg,110643.86666666667
frame3320.jpg,110777.33333333334
frame3324.jpg,110910.8
frame3328.jpg,111044.26666666668
frame3332.jpg,111177.73333333334
frame3336.jpg,111311.2
frame3340.jpg,111444.66666666667
frame3344.jpg,111578.13333333335
frame3348.jpg,111711.6
frame3352.jpg,111845.06666666667
frame3356.jpg,111978.53333333334
frame3360.jpg,112112.00000000001
frame3364.jpg,112245.46666666667
frame3368.jpg,112378.93333333333
frame3372.jpg,112512.4
frame3376.jpg,112645.86666666668
frame3380.jpg,112779.33333333334
frame3384.jpg,112912.8
frame3388.jpg,113046.26666666666
frame3392.jpg,113179.73333333335
frame3396.jpg,113313.20000000001
frame3400.jpg,113446.66666666667
frame3404.jpg,113580.13333333333
frame3408.jpg,113713.6
frame3412.jpg,113847.06666666668
frame3416.jpg,113980.53333333334
frame3420.jpg,114114.0
frame3424.jpg,114247.46666666667
frame3428.jpg,114380.93333333335
frame3432.jpg,114514.40000000001
frame3436.jpg,114647.86666666667
frame3440.jpg,114781.33333333334
frame3444.jpg,114914.8
frame3448.jpg,115048.26666666668
frame3452.jpg,115181.73333333334
frame3456.jpg,115315.20000000001
frame3460.jpg,115448.66666666667
frame3464.jpg,115582.13333333335
frame3468.jpg,115715.6
frame3472.jpg,115849.06666666667
frame3476.jpg,115982.53333333334
frame3480.jpg,116116.0
frame3484.jpg,116249.46666666667
frame3488.jpg,116382.93333333333
frame3492.jpg,116516.40000000001
frame3496.jpg,116649.86666666667
frame3500.jpg,116783.33333333334
frame3504.jpg,116916.8
frame3508.jpg,117050.26666666668
frame3512.jpg,117183.73333333334
frame3516.jpg,117317.2
frame3520.jpg,117450.66666666667
frame3524.jpg,117584.13333333335
frame3528.jpg,117717.6
frame3532.jpg,117851.06666666667
frame3536.jpg,117984.53333333334
frame3540.jpg,118118.00000000001
frame3544.jpg,118251.46666666667
frame3548.jpg,118384.93333333333
frame3552.jpg,118518.4
frame3556.jpg,118651.86666666668
frame3560.jpg,118785.33333333334
frame3564.jpg,118918.8
frame3568.jpg,119052.26666666666
frame3572.jpg,119185.73333333335
frame3576.jpg,119319.20000000001
frame3580.jpg,119452.66666666667
frame3584.jpg,119586.13333333333
frame3588.jpg,119719.6
frame3592.jpg,119853.06666666668
frame3596.jpg,119986.53333333334
frame3600.jpg,120120.0
frame3604.jpg,120253.46666666667
frame3608.jpg,120386.93333333335
frame3612.jpg,120520.40000000001
frame3616.jpg,120653.86666666667
frame3620.jpg,120787.33333333334
frame3624.jpg,120920.8
frame3628.jpg,121054.26666666668
frame3632.jpg,121187.73333333334
frame3636.jpg,121321.20000000001
frame3640.jpg,121454.66666666667
frame3644.jpg,121588.13333333335
frame3648.jpg,121721.6
frame3652.jpg,121855.06666666667
frame3656.jpg,121988.53333333334
frame3660.jpg,122122.0
frame3664.jpg,122255.46666666667
frame3668.jpg,122388.93333333333
frame3672.jpg,122522.40000000001
frame3676.jpg,122655.86666666667
frame3680.jpg,122789.33333333334
frame3684.jpg,122922.8
frame3688.jpg,123056.26666666668
frame3692.jpg,123189.73333333334
frame3696.jpg,123323.2
frame3700.jpg,123456.66666666667
frame3704.jpg,123590.13333333335
frame3708.jpg,123723.6
frame3712.jpg,123857.06666666667
frame3716.jpg,123990.53333333334
frame3720.jpg,124124.00000000001
frame3724.jpg,124257.46666666667
frame3728.jpg,124390.93333333333
frame3732.jpg,124524.4
frame3736.jpg,124657.86666666668
frame3740.jpg,124791.33333333334
frame3744.jpg,124924.8
frame3748.jpg,125058.26666666666
frame3752.jpg,125191.73333333335
frame3756.jpg,125325.20000000001
frame3760.jpg,125458.66666666667
frame3764.jpg,125592.13333333333
frame3768.jpg,125725.6
frame3772.jpg,125859.06666666668
frame3776.jpg,125992.53333333334
frame3780.jpg,126126.0
frame3784.jpg,126259.46666666667
frame3788.jpg,126392.93333333335
frame3792.jpg,126526.40000000001
frame3796.jpg,126659.86666666667
frame3800.jpg,126793.33333333334
frame3804.jpg,126926.8
frame3808.jpg,127060.26666666668
frame3812.jpg,127193.73333333334
frame3816.jpg,127327.20000000001
frame3820.jpg,127460.66666666667
frame3824.jpg,127594.13333333335
frame3828.jpg,127727.6
frame3832.jpg,127861.06666666668
frame3836.jpg,127994.53333333334
frame3840.jpg,128128.00000000001
frame3844.jpg,128261.46666666667
frame3848.jpg,128394.93333333333
frame3852.jpg,128528.40000000001
frame3856.jpg,128661.86666666667
frame3860.jpg,128795.33333333333
frame3864.jpg,128928.79999999999
frame3868.jpg,129062.26666666666
frame3872.jpg,129195.73333333335
frame3876.jpg,129329.20000000001
frame3880.jpg,129462.66666666667
frame3884.jpg,129596.13333333335
frame3888.jpg,129729.6
frame3892.jpg,129863.06666666667
frame3896.jpg,129996.53333333333
frame3900.jpg,130130.0
frame3904.jpg,130263.46666666666
frame3908.jpg,130396.93333333335
frame3912.jpg,130530.40000000001
frame3916.jpg,130663.86666666668
frame3920.jpg,130797.33333333334
frame3924.jpg,130930.8
frame3928.jpg,131064.26666666666
frame3932.jpg,131197.73333333334
frame3936.jpg,131331.19999999998
frame3940.jpg,131464.66666666666
frame3944.jpg,131598.13333333336
frame3948.jpg,131731.6
frame3952.jpg,131865.06666666668
frame3956.jpg,131998.53333333335
frame3960.jpg,132132.0
frame3964.jpg,132265.46666666667
frame3968.jpg,132398.93333333332
frame3972.jpg,132532.4
frame3976.jpg,132665.86666666667
frame3980.jpg,132799.33333333334
frame3984.jpg,132932.80000000002
frame3988.jpg,133066.2666666667
frame3992.jpg,133199.73333333334
frame3996.jpg,133333.2
frame4000.jpg,133466.66666666666
frame4004.jpg,133600.13333333333
frame4008.jpg,133733.6
frame4012.jpg,133867.06666666665
frame4016.jpg,134000.53333333335
frame4020.jpg,134134.0
frame4024.jpg,134267.46666666667
frame4028.jpg,134400.93333333335
frame4032.jpg,134534.4
frame4036.jpg,134667.86666666667
frame4040.jpg,134801.33333333334
frame4044.jpg,134934.8
frame4048.jpg,135068.26666666666
frame4052.jpg,135201.73333333334
frame4056.jpg,135335.2
frame4060.jpg,135468.6666666667
frame4064.jpg,135602.13333333333
frame4068.jpg,135735.6
frame4072.jpg,135869.06666666668
frame4076.jpg,136002.53333333333
frame4080.jpg,136136.0
frame4084.jpg,136269.46666666665
frame4088.jpg,136402.93333333335
frame4092.jpg,136536.40000000002
frame4096.jpg,136669.86666666667
frame4100.jpg,136803.33333333334
frame4104.jpg,136936.80000000002
frame4108.jpg,137070.26666666666
frame4112.jpg,137203.73333333334
frame4116.jpg,137337.19999999998
frame4120.jpg,137470.66666666666
frame4124.jpg,137604.13333333336
frame4128.jpg,137737.6
frame4132.jpg,137871.06666666668
frame4136.jpg,138004.53333333335
frame4140.jpg,138138.0
frame4144.jpg,138271.46666666667
frame4148.jpg,138404.93333333332
frame4152.jpg,138538.4
frame4156.jpg,138671.86666666667
frame4160.jpg,138805.33333333334
frame4164.jpg,138938.80000000002
frame4168.jpg,139072.2666666667
frame4172.jpg,139205.73333333334
frame4176.jpg,139339.2
frame4180.jpg,139472.66666666666
frame4184.jpg,139606.13333333333
frame4188.jpg,139739.6
frame4192.jpg,139873.06666666665
frame4196.jpg,140006.53333333335
frame4200.jpg,140140.00000000003
frame4204.jpg,140273.46666666667
frame4208.jpg,140406.93333333335
frame4212.jpg,140540.4
frame4216.jpg,140673.86666666667
frame4220.jpg,140807.33333333334
frame4224.jpg,140940.8
frame4228.jpg,141074.26666666666
frame4232.jpg,141207.73333333334
frame4236.jpg,141341.2
frame4240.jpg,141474.6666666667
frame4244.jpg,141608.13333333333
frame4248.jpg,141741.6
frame4252.jpg,141875.06666666668
frame4256.jpg,142008.53333333333
frame4260.jpg,142142.0
frame4264.jpg,142275.46666666665
frame4268.jpg,142408.93333333335
frame4272.jpg,142542.40000000002
frame4276.jpg,142675.86666666667
frame4280.jpg,142809.33333333334
frame4284.jpg,142942.80000000002
frame4288.jpg,143076.26666666666
frame4292.jpg,143209.73333333334
frame4296.jpg,143343.19999999998
frame4300.jpg,143476.66666666666
frame4304.jpg,143610.13333333336
frame4308.jpg,143743.6
frame4312.jpg,143877.06666666668
frame4316.jpg,144010.53333333335
frame4320.jpg,144144.0
frame4324.jpg,144277.46666666667
frame4328.jpg,144410.93333333332
frame4332.jpg,144544.4
frame4336.jpg,144677.86666666667
frame4340.jpg,144811.33333333334
frame4344.jpg,144944.80000000002
frame4348.jpg,145078.2666666667
frame4352.jpg,145211.73333333334
frame4356.jpg,145345.2
frame4360.jpg,145478.66666666666
frame4364.jpg,145612.13333333333
frame4368.jpg,145745.6
frame4372.jpg,145879.06666666665
frame4376.jpg,146012.53333333335
frame4380.jpg,146146.00000000003
frame4384.jpg,146279.46666666667
frame4388.jpg,146412.93333333335
frame4392.jpg,146546.4
frame4396.jpg,146679.86666666667
frame4400.jpg,146813.33333333334
frame4404.jpg,146946.8
frame4408.jpg,147080.26666666666
frame4412.jpg,147213.73333333334
frame4416.jpg,147347.2
frame4420.jpg,147480.6666666667
frame4424.jpg,147614.13333333333
frame4428.jpg,147747.6
frame4432.jpg,147881.06666666668
frame4436.jpg,148014.53333333333
frame4440.jpg,148148.0
frame4444.jpg,148281.46666666665
frame4448.jpg,148414.93333333335
frame4452.jpg,148548.40000000002
frame4456.jpg,148681.86666666667
frame4460.jpg,148815.33333333334
frame4464.jpg,148948.80000000002
frame4468.jpg,149082.26666666666
frame4472.jpg,149215.73333333334
frame4476.jpg,149349.19999999998
frame4480.jpg,149482.66666666666
frame4484.jpg,149616.13333333336
frame4488.jpg,149749.6
frame4492.jpg,149883.06666666668
frame4496.jpg,150016.53333333335
frame4500.jpg,150150.0
frame4504.jpg,150283.46666666667
frame4508.jpg,150416.93333333332
frame4512.jpg,150550.4
frame4516.jpg,150683.86666666667
frame4520.jpg,150817.33333333334
frame4524.jpg,150950.80000000002
frame4528.jpg,151084.2666666667
frame4532.jpg,151217.73333333334
frame4536.jpg,151351.2
frame4540.jpg,151484.66666666666
frame4544.jpg,151618.13333333333
frame4548.jpg,151751.6
frame4552.jpg,151885.06666666665
frame4556.jpg,152018.53333333335
frame4560.jpg,152152.00000000003
frame4564.jpg,152285.46666666667
frame4568.jpg,152418.93333333335
frame4572.jpg,152552.4
frame4576.jpg,152685.86666666667
frame4580.jpg,152819.33333333334
frame4584.jpg,152952.8
frame4588.jpg,153086.26666666666
frame4592.jpg,153219.73333333334
frame4596.jpg,153353.2
frame4600.jpg,153486.6666666667
frame4604.jpg,153620.13333333333
frame4608.jpg,153753.6
frame4612.jpg,153887.06666666668
frame4616.jpg,154020.53333333333
frame4620.jpg,154154.0
frame4624.jpg,154287.46666666667
frame4628.jpg,154420.93333333335
frame4632.jpg,154554.40000000002
frame4636.jpg,154687.86666666667
frame4640.jpg,154821.33333333334
frame4644.jpg,154954.80000000002
frame4648.jpg,155088.26666666666
frame4652.jpg,155221.73333333334
frame4656.jpg,155355.19999999998
frame4660.jpg,155488.66666666666
frame4664.jpg,155622.13333333336
frame4668.jpg,155755.6
frame4672.jpg,155889.06666666668
frame4676.jpg,156022.53333333335
frame4680.jpg,156156.0
frame4684.jpg,156289.46666666667
frame4688.jpg,156422.93333333332
frame4692.jpg,156556.4
frame4696.jpg,156689.86666666667
frame4700.jpg,156823.33333333334
frame4704.jpg,156956.80000000002
frame4708.jpg,157090.2666666667
frame4712.jpg,157223.73333333334
frame4716.jpg,157357.2
frame4720.jpg,157490.66666666666
frame4724.jpg,157624.13333333333
frame4728.jpg,157757.6
frame4732.jpg,157891.06666666668
frame4736.jpg,158024.53333333335
frame4740.jpg,158158.00000000003
frame4744.jpg,158291.46666666667
frame4748.jpg,158424.93333333335
frame4752.jpg,158558.4
frame4756.jpg,158691.86666666667
frame4760.jpg,158825.33333333334
frame4764.jpg,158958.8
frame4768.jpg,159092.2666666667
frame4772.jpg,159225.73333333337
frame4776.jpg,159359.2
frame4780.jpg,159492.6666666667
frame4784.jpg,159626.13333333333
frame4788.jpg,159759.6
frame4792.jpg,159893.06666666668
frame4796.jpg,160026.53333333333
frame4800.jpg,160160.0
frame4804.jpg,160293.46666666667
frame4808.jpg,160426.93333333335
frame4812.jpg,160560.40000000002
frame4816.jpg,160693.86666666667
frame4820.jpg,160827.33333333334
frame4824.jpg,160960.80000000002
frame4828.jpg,161094.26666666666
frame4832.jpg,161227.73333333334
frame4836.jpg,161361.19999999998
frame4840.jpg,161494.6666666667
frame4844.jpg,161628.13333333336
frame4848.jpg,161761.6
frame4852.jpg,161895.06666666668
frame4856.jpg,162028.53333333335
frame4860.jpg,162162.0
frame4864.jpg,162295.46666666667
frame4868.jpg,162428.93333333332
frame4872.jpg,162562.4
frame4876.jpg,162695.8666666667
frame4880.jpg,162829.33333333334
frame4884.jpg,162962.80000000002
frame4888.jpg,163096.2666666667
frame4892.jpg,163229.73333333334
frame4896.jpg,163363.2
frame4900.jpg,163496.66666666666
frame4904.jpg,163630.13333333333
frame4908.jpg,163763.6
frame4912.jpg,163897.06666666668
frame4916.jpg,164030.53333333335
frame4920.jpg,164164.00000000003
frame4924.jpg,164297.46666666667
frame4928.jpg,164430.93333333335
frame4932.jpg,164564.4
frame4936.jpg,164697.86666666667
frame4940.jpg,164831.33333333334
frame4944.jpg,164964.8
frame4948.jpg,165098.2666666667
frame4952.jpg,165231.73333333337
frame4956.jpg,165365.2
frame4960.jpg,165498.6666666667
frame4964.jpg,165632.13333333333
frame4968.jpg,165765.6
frame4972.jpg,165899.06666666668
frame4976.jpg,166032.53333333333
frame4980.jpg,166166.0
frame4984.jpg,166299.46666666667
frame4988.jpg,166432.93333333335
frame4992.jpg,166566.40000000002
frame4996.jpg,166699.86666666667
frame5000.jpg,166833.33333333334
frame5004.jpg,166966.80000000002
frame5008.jpg,167100.26666666666
frame5012.jpg,167233.73333333334
frame5016.jpg,167367.19999999998
frame5020.jpg,167500.6666666667
frame5024.jpg,167634.13333333336
frame5028.jpg,167767.6
frame5032.jpg,167901.06666666668
frame5036.jpg,168034.53333333335
frame5040.jpg,168168.0
frame5044.jpg,168301.46666666667
frame5048.jpg,168434.93333333332
frame5052.jpg,168568.4
frame5056.jpg,168701.8666666667
frame5060.jpg,168835.33333333334
frame5064.jpg,168968.80000000002
frame5068.jpg,169102.2666666667
frame5072.jpg,169235.73333333334
frame5076.jpg,169369.2
frame5080.jpg,169502.66666666666
frame5084.jpg,169636.13333333333
frame5088.jpg,169769.6
frame5092.jpg,169903.06666666668
frame5096.jpg,170036.53333333335
frame5100.jpg,170170.00000000003
frame5104.jpg,170303.46666666667
frame5108.jpg,170436.93333333335
frame5112.jpg,170570.4
frame5116.jpg,170703.86666666667
frame5120.jpg,170837.33333333334
frame5124.jpg,170970.8
frame5128.jpg,171104.2666666667
frame5132.jpg,171237.73333333337
frame5136.jpg,171371.2
frame5140.jpg,171504.6666666667
frame5144.jpg,171638.13333333333
frame5148.jpg,171771.6
frame5152.jpg,171905.06666666668
frame5156.jpg,172038.53333333333
frame5160.jpg,172172.0
frame5164.jpg,172305.46666666667
frame5168.jpg,172438.93333333335
frame5172.jpg,172572.40000000002
frame5176.jpg,172705.86666666667
frame5180.jpg,172839.33333333334
frame5184.jpg,172972.80000000002
frame5188.jpg,173106.26666666666
frame5192.jpg,173239.73333333334
frame5196.jpg,173373.2
frame5200.jpg,173506.6666666667
frame5204.jpg,173640.13333333336
frame5208.jpg,173773.6
frame5212.jpg,173907.06666666668
frame5216.jpg,174040.53333333335
frame5220.jpg,174174.0
frame5224.jpg,174307.46666666667
frame5228.jpg,174440.93333333332
frame5232.jpg,174574.4
frame5236.jpg,174707.8666666667
frame5240.jpg,174841.33333333334
frame5244.jpg,174974.80000000002
frame5248.jpg,175108.2666666667
frame5252.jpg,175241.73333333334
frame5256.jpg,175375.2
frame5260.jpg,175508.66666666666
frame5264.jpg,175642.13333333333
frame5268.jpg,175775.6
frame5272.jpg,175909.06666666668
frame5276.jpg,176042.53333333335
frame5280.jpg,176176.00000000003
frame5284.jpg,176309.46666666667
frame5288.jpg,176442.93333333335
frame5292.jpg,176576.4
frame5296.jpg,176709.86666666667
frame5300.jpg,176843.33333333334
frame5304.jpg,176976.8
frame5308.jpg,177110.2666666667
frame5312.jpg,177243.73333333337
frame5316.jpg,177377.2
frame5320.jpg,177510.6666666667
frame5324.jpg,177644.13333333333
frame5328.jpg,177777.6
frame5332.jpg,177911.06666666668
frame5336.jpg,178044.53333333333
frame5340.jpg,178178.0
frame5344.jpg,178311.4666666667
frame5348.jpg,178444.93333333335
frame5352.jpg,178578.40000000002
frame5356.jpg,178711.86666666667
frame5360.jpg,178845.33333333334
frame5364.jpg,178978.80000000002
frame5368.jpg,179112.26666666666
frame5372.jpg,179245.73333333334
frame5376.jpg,179379.2
frame5380.jpg,179512.6666666667
frame5384.jpg,179646.13333333336
frame5388.jpg,179779.6
frame5392.jpg,179913.06666666668
frame5396.jpg,180046.53333333335
frame5400.jpg,180180.0
frame5404.jpg,180313.46666666667
frame5408.jpg,180446.93333333332
frame5412.jpg,180580.4
frame5416.jpg,180713.8666666667
frame5420.jpg,180847.33333333334
frame5424.jpg,180980.80000000002
frame5428.jpg,181114.2666666667
frame5432.jpg,181247.73333333334
frame5436.jpg,181381.2
frame5440.jpg,181514.66666666666
frame5444.jpg,181648.13333333333
frame5448.jpg,181781.6
frame5452.jpg,181915.06666666668
frame5456.jpg,182048.53333333335
frame5460.jpg,182182.00000000003
frame5464.jpg,182315.46666666667
frame5468.jpg,182448.93333333335
frame5472.jpg,182582.4
frame5476.jpg,182715.86666666667
frame5480.jpg,182849.33333333334
frame5484.jpg,182982.8
frame5488.jpg,183116.2666666667
frame5492.jpg,183249.73333333337
frame5496.jpg,183383.2
frame5500.jpg,183516.6666666667
frame5504.jpg,183650.13333333333
frame5508.jpg,183783.6
frame5512.jpg,183917.06666666668
frame5516.jpg,184050.53333333333
frame5520.jpg,184184.0
frame5524.jpg,184317.4666666667
frame5528.jpg,184450.93333333335
frame5532.jpg,184584.40000000002
frame5536.jpg,184717.86666666667
frame5540.jpg,184851.33333333334
frame5544.jpg,184984.80000000002
frame5548.jpg,185118.26666666666
frame5552.jpg,185251.73333333334
frame5556.jpg,185385.2
frame5560.jpg,185518.6666666667
frame5564.jpg,185652.13333333336
frame5568.jpg,185785.6
frame5572.jpg,185919.06666666668
frame5576.jpg,186052.53333333335
frame5580.jpg,186186.0
frame5584.jpg,186319.46666666667
frame5588.jpg,186452.93333333332
frame5592.jpg,186586.4
frame5596.jpg,186719.8666666667
frame5600.jpg,186853.33333333334
frame5604.jpg,186986.80000000002
frame5608.jpg,187120.2666666667
frame5612.jpg,187253.73333333334
frame5616.jpg,187387.2
frame5620.jpg,187520.66666666666
frame5624.jpg,187654.13333333333
frame5628.jpg,187787.6
frame5632.jpg,187921.06666666668
frame5636.jpg,188054.53333333335
frame5640.jpg,188188.00000000003
frame5644.jpg,188321.46666666667
frame5648.jpg,188454.93333333335
frame5652.jpg,188588.4
frame5656.jpg,188721.86666666667
frame5660.jpg,188855.33333333334
frame5664.jpg,188988.8
frame5668.jpg,189122.2666666667
frame5672.jpg,189255.73333333337
frame5676.jpg,189389.2
frame5680.jpg,189522.6666666667
frame5684.jpg,189656.13333333333
frame5688.jpg,189789.6
frame5692.jpg,189923.06666666668
frame5696.jpg,190056.53333333333
frame5700.jpg,190190.0
frame5704.jpg,190323.4666666667
frame5708.jpg,190456.93333333335
frame5712.jpg,190590.40000000002
frame5716.jpg,190723.86666666667
frame5720.jpg,190857.33333333334
frame5724.jpg,190990.80000000002
frame5728.jpg,191124.26666666666
frame5732.jpg,191257.73333333334
frame5736.jpg,191391.2
frame5740.jpg,191524.6666666667
frame5744.jpg,191658.13333333336
frame5748.jpg,191791.6
frame5752.jpg,191925.06666666668
frame5756.jpg,192058.53333333335
frame5760.jpg,192192.0
frame5764.jpg,192325.46666666667
frame5768.jpg,192458.93333333335
frame5772.jpg,192592.4
frame5776.jpg,192725.8666666667
frame5780.jpg,192859.33333333334
frame5784.jpg,192992.80000000002
frame5788.jpg,193126.2666666667
frame5792.jpg,193259.73333333334
frame5796.jpg,193393.2
frame5800.jpg,193526.66666666666
frame5804.jpg,193660.13333333333
frame5808.jpg,193793.6
frame5812.jpg,193927.06666666668
frame5816.jpg,194060.53333333335
frame5820.jpg,194194.00000000003
frame5824.jpg,194327.46666666667
frame5828.jpg,194460.93333333335
frame5832.jpg,194594.4
frame5836.jpg,194727.86666666667
frame5840.jpg,194861.33333333334
frame5844.jpg,194994.8
frame5848.jpg,195128.2666666667
frame5852.jpg,195261.73333333337
frame5856.jpg,195395.2
frame5860.jpg,195528.6666666667
frame5864.jpg,195662.13333333333
frame5868.jpg,195795.6
frame5872.jpg,195929.06666666668
frame5876.jpg,196062.53333333333
frame5880.jpg,196196.0
frame5884.jpg,196329.4666666667
frame5888.jpg,196462.93333333335
frame5892.jpg,196596.40000000002
frame5896.jpg,196729.86666666667
frame5900.jpg,196863.33333333334
frame5904.jpg,196996.80000000002
frame5908.jpg,197130.26666666666
frame5912.jpg,197263.73333333334
frame5916.jpg,197397.2
frame5920.jpg,197530.6666666667
frame5924.jpg,197664.13333333336
frame5928.jpg,197797.6
frame5932.jpg,197931.06666666668
frame5936.jpg,198064.53333333335
frame5940.jpg,198198.0
frame5944.jpg,198331.46666666667
frame5948.jpg,198464.93333333335
frame5952.jpg,198598.4
frame5956.jpg,198731.8666666667
frame5960.jpg,198865.33333333334
frame5964.jpg,198998.80000000002
frame5968.jpg,199132.2666666667
frame5972.jpg,199265.73333333334
frame5976.jpg,199399.2
frame5980.jpg,199532.66666666666
frame5984.jpg,199666.13333333333
frame5988.jpg,199799.6
frame5992.jpg,199933.06666666668
frame5996.jpg,200066.53333333335
frame6000.jpg,200200.00000000003
frame6004.jpg,200333.46666666667
frame6008.jpg,200466.93333333335
frame6012.jpg,200600.4
frame6016.jpg,200733.86666666667
frame6020.jpg,200867.33333333334
frame6024.jpg,201000.8
frame6028.jpg,201134.2666666667
frame6032.jpg,201267.73333333337
frame6036.jpg,201401.2
frame6040.jpg,201534.6666666667
frame6044.jpg,201668.13333333333
frame6048.jpg,201801.6
frame6052.jpg,201935.06666666668
frame6056.jpg,202068.53333333333
frame6060.jpg,202202.0
frame6064.jpg,202335.4666666667
frame6068.jpg,202468.93333333335
frame6072.jpg,202602.40000000002
frame6076.jpg,202735.86666666667
frame6080.jpg,202869.33333333334
frame6084.jpg,203002.80000000002
frame6088.jpg,203136.26666666666
frame6092.jpg,203269.73333333334
frame6096.jpg,203403.2
frame6100.jpg,203536.6666666667
frame6104.jpg,203670.13333333336
frame6108.jpg,203803.6
frame6112.jpg,203937.06666666668
frame6116.jpg,204070.53333333335
frame6120.jpg,204204.0
frame6124.jpg,204337.46666666667
frame6128.jpg,204470.93333333335
frame6132.jpg,204604.4
frame6136.jpg,204737.8666666667
frame6140.jpg,204871.33333333334
frame6144.jpg,205004.80000000002
frame6148.jpg,205138.2666666667
frame6152.jpg,205271.73333333334
frame6156.jpg,205405.2
frame6160.jpg,205538.66666666666
frame6164.jpg,205672.13333333333
frame6168.jpg,205805.6
frame6172.jpg,205939.06666666668
frame6176.jpg,206072.53333333335
frame6180.jpg,206206.00000000003
frame6184.jpg,206339.46666666667
frame6188.jpg,206472.93333333335
frame6192.jpg,206606.4
frame6196.jpg,206739.86666666667
frame6200.jpg,206873.33333333334
frame6204.jpg,207006.8
frame6208.jpg,207140.2666666667
frame6212.jpg,207273.73333333337
frame6216.jpg,207407.2
frame6220.jpg,207540.6666666667
frame6224.jpg,207674.13333333333
frame6228.jpg,207807.6
frame6232.jpg,207941.06666666668
frame6236.jpg,208074.53333333333
frame6240.jpg,208208.0
frame6244.jpg,208341.4666666667
frame6248.jpg,208474.93333333335
frame6252.jpg,208608.40000000002
frame6256.jpg,208741.86666666667
frame6260.jpg,208875.33333333334
frame6264.jpg,209008.80000000002
frame6268.jpg,209142.26666666666
frame6272.jpg,209275.73333333334
frame6276.jpg,209409.2
frame6280.jpg,209542.6666666667
frame6284.jpg,209676.13333333336
frame6288.jpg,209809.6
frame6292.jpg,209943.06666666668
frame6296.jpg,210076.53333333335
frame6300.jpg,210210.0
frame6304.jpg,210343.46666666667
frame6308.jpg,210476.93333333335
frame6312.jpg,210610.4
frame6316.jpg,210743.8666666667
frame6320.jpg,210877.33333333334
frame6324.jpg,211010.80000000002
frame6328.jpg,211144.2666666667
frame6332.jpg,211277.73333333334
frame6336.jpg,211411.2
frame6340.jpg,211544.6666666667
frame6344.jpg,211678.13333333333
frame6348.jpg,211811.6
frame6352.jpg,211945.06666666668
frame6356.jpg,212078.53333333335
frame6360.jpg,212212.00000000003
frame6364.jpg,212345.46666666667
frame6368.jpg,212478.93333333335
frame6372.jpg,212612.4
frame6376.jpg,212745.86666666667
frame6380.jpg,212879.33333333334
frame6384.jpg,213012.8
frame6388.jpg,213146.2666666667
frame6392.jpg,213279.73333333337
frame6396.jpg,213413.2
frame6400.jpg,213546.6666666667
frame6404.jpg,213680.13333333333
frame6408.jpg,213813.6
frame6412.jpg,213947.06666666668
frame6416.jpg,214080.53333333333
frame6420.jpg,214214.0
frame6424.jpg,214347.4666666667
frame6428.jpg,214480.93333333335
frame6432.jpg,214614.40000000002
frame6436.jpg,214747.86666666667
frame6440.jpg,214881.33333333334
frame6444.jpg,215014.80000000002
frame6448.jpg,215148.26666666666
frame6452.jpg,215281.73333333334
frame6456.jpg,215415.2
frame6460.jpg,215548.6666666667
frame6464.jpg,215682.13333333336
frame6468.jpg,215815.6
frame6472.jpg,215949.06666666668
frame6476.jpg,216082.53333333335
frame6480.jpg,216216.0
frame6484.jpg,216349.46666666667
frame6488.jpg,216482.93333333335
frame6492.jpg,216616.4
frame6496.jpg,216749.8666666667
frame6500.jpg,216883.33333333334
frame6504.jpg,217016.80000000002
frame6508.jpg,217150.2666666667
frame6512.jpg,217283.73333333334
frame6516.jpg,217417.2
frame6520.jpg,217550.6666666667
frame6524.jpg,217684.13333333333
frame6528.jpg,217817.6
frame6532.jpg,217951.06666666668
frame6536.jpg,218084.53333333335
frame6540.jpg,218218.00000000003
frame6544.jpg,218351.46666666667
frame6548.jpg,218484.93333333335
frame6552.jpg,218618.4
frame6556.jpg,218751.86666666667
frame6560.jpg,218885.33333333334
frame6564.jpg,219018.8
frame6568.jpg,219152.2666666667
frame6572.jpg,219285.73333333337
frame6576.jpg,219419.2
frame6580.jpg,219552.6666666667
frame6584.jpg,219686.13333333333
frame6588.jpg,219819.6
frame6592.jpg,219953.06666666668
frame6596.jpg,220086.53333333333
frame6600.jpg,220220.0
frame6604.jpg,220353.4666666667
frame6608.jpg,220486.93333333335
frame6612.jpg,220620.40000000002
frame6616.jpg,220753.86666666667
frame6620.jpg,220887.33333333334
frame6624.jpg,221020.80000000002
frame6628.jpg,221154.26666666666
frame6632.jpg,221287.73333333334
frame6636.jpg,221421.2
frame6640.jpg,221554.6666666667
frame6644.jpg,221688.13333333336
frame6648.jpg,221821.6
frame6652.jpg,221955.06666666668
frame6656.jpg,222088.53333333335
frame6660.jpg,222222.0
frame6664.jpg,222355.46666666667
frame6668.jpg,222488.93333333335
frame6672.jpg,222622.4
frame6676.jpg,222755.8666666667
frame6680.jpg,222889.33333333334
frame6684.jpg,223022.80000000002
frame6688.jpg,223156.2666666667
frame6692.jpg,223289.73333333334
frame6696.jpg,223423.2
frame6700.jpg,223556.6666666667
frame6704.jpg,223690.13333333333
frame6708.jpg,223823.6
frame6712.jpg,223957.06666666668
frame6716.jpg,224090.53333333335
frame6720.jpg,224224.00000000003
frame6724.jpg,224357.46666666667
frame6728.jpg,224490.93333333335
frame6732.jpg,224624.4
frame6736.jpg,224757.86666666667
frame6740.jpg,224891.33333333334
frame6744.jpg,225024.8
frame6748.jpg,225158.2666666667
frame6752.jpg,225291.73333333337
frame6756.jpg,225425.2
frame6760.jpg,225558.6666666667
frame6764.jpg,225692.13333333333
frame6768.jpg,225825.6
frame6772.jpg,225959.06666666668
frame6776.jpg,226092.53333333333
frame6780.jpg,226226.0
frame6784.jpg,226359.4666666667
frame6788.jpg,226492.93333333335
frame6792.jpg,226626.40000000002
frame6796.jpg,226759.86666666667
frame6800.jpg,226893.33333333334
frame6804.jpg,227026.80000000002
frame6808.jpg,227160.26666666666
frame6812.jpg,227293.73333333334
frame6816.jpg,227427.2
frame6820.jpg,227560.6666666667
frame6824.jpg,227694.13333333336
frame6828.jpg,227827.6
frame6832.jpg,227961.06666666668
frame6836.jpg,228094.53333333335
frame6840.jpg,228228.0
frame6844.jpg,228361.46666666667
frame6848.jpg,228494.93333333335
frame6852.jpg,228628.4
frame6856.jpg,228761.8666666667
frame6860.jpg,228895.33333333334
frame6864.jpg,229028.80000000002
frame6868.jpg,229162.2666666667
frame6872.jpg,229295.73333333334
frame6876.jpg,229429.2
frame6880.jpg,229562.6666666667
frame6884.jpg,229696.13333333333
frame6888.jpg,229829.6
frame6892.jpg,229963.06666666668
frame6896.jpg,230096.53333333335
frame6900.jpg,230230.00000000003
frame6904.jpg,230363.46666666667
frame6908.jpg,230496.93333333335
frame6912.jpg,230630.40000000002
frame6916.jpg,230763.86666666667
frame6920.jpg,230897.33333333334
frame6924.jpg,231030.8
frame6928.jpg,231164.2666666667
frame6932.jpg,231297.73333333337
frame6936.jpg,231431.2
frame6940.jpg,231564.6666666667
frame6944.jpg,231698.13333333333
frame6948.jpg,231831.6
frame6952.jpg,231965.06666666668
frame6956.jpg,232098.53333333333
frame6960.jpg,232232.0
frame6964.jpg,232365.4666666667
frame6968.jpg,232498.93333333335
frame6972.jpg,232632.40000000002
frame6976.jpg,232765.86666666667
frame6980.jpg,232899.33333333334
frame6984.jpg,233032.80000000002
frame6988.jpg,233166.26666666666
frame6992.jpg,233299.73333333334
frame6996.jpg,233433.2
frame7000.jpg,233566.6666666667
frame7004.jpg,233700.13333333336
frame7008.jpg,233833.6
frame7012.jpg,233967.06666666668
frame7016.jpg,234100.53333333335
frame7020.jpg,234234.0
frame7024.jpg,234367.46666666667
frame7028.jpg,234500.93333333335
frame7032.jpg,234634.4
frame7036.jpg,234767.8666666667
frame7040.jpg,234901.33333333334
frame7044.jpg,235034.80000000002
frame7048.jpg,235168.2666666667
frame7052.jpg,235301.73333333334
frame7056.jpg,235435.2
frame7060.jpg,235568.6666666667
frame7064.jpg,235702.13333333333
frame7068.jpg,235835.6
frame7072.jpg,235969.06666666668
frame7076.jpg,236102.53333333335
frame7080.jpg,236236.00000000003
frame7084.jpg,236369.46666666667
frame7088.jpg,236502.93333333335
frame7092.jpg,236636.40000000002
frame7096.jpg,236769.86666666667
frame7100.jpg,236903.33333333334
frame7104.jpg,237036.8
frame7108.jpg,237170.2666666667
frame7112.jpg,237303.73333333337
frame7116.jpg,237437.2
frame7120.jpg,237570.6666666667
frame7124.jpg,237704.13333333333
frame7128.jpg,237837.6
frame7132.jpg,237971.06666666668
frame7136.jpg,238104.53333333333
frame7140.jpg,238238.0
frame7144.jpg,238371.4666666667
frame7148.jpg,238504.93333333335
frame7152.jpg,238638.40000000002
frame7156.jpg,238771.86666666667
frame7160.jpg,238905.33333333334
frame7164.jpg,239038.80000000002
frame7168.jpg,239172.26666666666
frame7172.jpg,239305.73333333334
frame7176.jpg,239439.2
frame7180.jpg,239572.6666666667
frame7184.jpg,239706.13333333336
frame7188.jpg,239839.6
frame7192.jpg,239973.06666666668
frame7196.jpg,240106.53333333335
frame7200.jpg,240240.0
frame7204.jpg,240373.46666666667
frame7208.jpg,240506.93333333335
frame7212.jpg,240640.4
frame7216.jpg,240773.8666666667
frame7220.jpg,240907.33333333334
frame7224.jpg,241040.80000000002
frame7228.jpg,241174.2666666667
frame7232.jpg,241307.73333333334
frame7236.jpg,241441.2
frame7240.jpg,241574.6666666667
frame7244.jpg,241708.13333333333
frame7248.jpg,241841.6
frame7252.jpg,241975.06666666668
frame7256.jpg,242108.53333333335
frame7260.jpg,242242.00000000003
frame7264.jpg,242375.46666666667
frame7268.jpg,242508.93333333335
frame7272.jpg,242642.40000000002
frame7276.jpg,242775.86666666667
frame7280.jpg,242909.33333333334
frame7284.jpg,243042.8
frame7288.jpg,243176.2666666667
frame7292.jpg,243309.73333333337
frame7296.jpg,243443.2
frame7300.jpg,243576.6666666667
frame7304.jpg,243710.13333333333
frame7308.jpg,243843.6
frame7312.jpg,243977.06666666668
frame7316.jpg,244110.53333333333
frame7320.jpg,244244.0
frame7324.jpg,244377.4666666667
frame7328.jpg,244510.93333333335
frame7332.jpg,244644.40000000002
frame7336.jpg,244777.86666666667
frame7340.jpg,244911.33333333334
frame7344.jpg,245044.80000000002
frame7348.jpg,245178.26666666666
frame7352.jpg,245311.73333333334
frame7356.jpg,245445.2
frame7360.jpg,245578.6666666667
frame7364.jpg,245712.13333333336
frame7368.jpg,245845.6
frame7372.jpg,245979.06666666668
frame7376.jpg,246112.53333333335
frame7380.jpg,246246.0
frame7384.jpg,246379.46666666667
frame7388.jpg,246512.93333333335
frame7392.jpg,246646.4
frame7396.jpg,246779.8666666667
frame7400.jpg,246913.33333333334
frame7404.jpg,247046.80000000002
frame7408.jpg,247180.2666666667
frame7412.jpg,247313.73333333334
frame7416.jpg,247447.2
frame7420.jpg,247580.6666666667
frame7424.jpg,247714.13333333333
frame7428.jpg,247847.6
frame7432.jpg,247981.06666666668
frame7436.jpg,248114.53333333335
frame7440.jpg,248248.00000000003
frame7444.jpg,248381.46666666667
frame7448.jpg,248514.93333333335
frame7452.jpg,248648.40000000002
frame7456.jpg,248781.86666666667
frame7460.jpg,248915.33333333334
frame7464.jpg,249048.8
frame7468.jpg,249182.2666666667
frame7472.jpg,249315.73333333337
frame7476.jpg,249449.2
frame7480.jpg,249582.6666666667
frame7484.jpg,249716.13333333336
frame7488.jpg,249849.6
frame7492.jpg,249983.06666666668
frame7496.jpg,250116.53333333333
frame7500.jpg,250250.0
frame7504.jpg,250383.4666666667
frame7508.jpg,250516.93333333335
frame7512.jpg,250650.40000000002
frame7516.jpg,250783.86666666667
frame7520.jpg,250917.33333333334
frame7524.jpg,251050.80000000002
frame7528.jpg,251184.26666666666
frame7532.jpg,251317.73333333334
frame7536.jpg,251451.2
frame7540.jpg,251584.6666666667
frame7544.jpg,251718.13333333336
frame7548.jpg,251851.6
frame7552.jpg,251985.06666666668
frame7556.jpg,252118.53333333335
frame7560.jpg,252252.0
frame7564.jpg,252385.46666666667
frame7568.jpg,252518.93333333335
frame7572.jpg,252652.4
frame7576.jpg,252785.8666666667
frame7580.jpg,252919.33333333334
frame7584.jpg,253052.80000000002
frame7588.jpg,253186.2666666667
frame7592.jpg,253319.73333333334
frame7596.jpg,253453.2
frame7600.jpg,253586.6666666667
frame7604.jpg,253720.13333333333
frame7608.jpg,253853.6
frame7612.jpg,253987.06666666668
frame7616.jpg,254120.53333333335
frame7620.jpg,254254.00000000003
frame7624.jpg,254387.46666666667
frame7628.jpg,254520.93333333335
frame7632.jpg,254654.40000000002
frame7636.jpg,254787.86666666667
frame7640.jpg,254921.33333333334
frame7644.jpg,255054.8
frame7648.jpg,255188.2666666667
frame7652.jpg,255321.73333333337
frame7656.jpg,255455.2
frame7660.jpg,255588.6666666667
frame7664.jpg,255722.13333333336
frame7668.jpg,255855.6
frame7672.jpg,255989.06666666668
frame7676.jpg,256122.53333333335
frame7680.jpg,256256.00000000003
frame7684.jpg,256389.4666666667
frame7688.jpg,256522.93333333335
frame7692.jpg,256656.40000000002
frame7696.jpg,256789.86666666667
frame7700.jpg,256923.33333333334
frame7704.jpg,257056.80000000002
frame7708.jpg,257190.26666666666
frame7712.jpg,257323.73333333334
frame7716.jpg,257457.2
frame7720.jpg,257590.66666666666
frame7724.jpg,257724.13333333333
frame7728.jpg,257857.59999999998
frame7732.jpg,257991.06666666665
frame7736.jpg,258124.53333333333
frame7740.jpg,258258.00000000003
frame7744.jpg,258391.4666666667
frame7748.jpg,258524.93333333338
frame7752.jpg,258658.40000000002
frame7756.jpg,258791.8666666667
frame7760.jpg,258925.33333333334
frame7764.jpg,259058.80000000002
frame7768.jpg,259192.2666666667
frame7772.jpg,259325.73333333334
frame7776.jpg,259459.2
frame7780.jpg,259592.6666666667
frame7784.jpg,259726.13333333333
frame7788.jpg,259859.6
frame7792.jpg,259993.06666666665
frame7796.jpg,260126.53333333333
frame7800.jpg,260260.0
frame7804.jpg,260393.46666666665
frame7808.jpg,260526.93333333332
frame7812.jpg,260660.40000000005
frame7816.jpg,260793.8666666667
frame7820.jpg,260927.33333333337
frame7824.jpg,261060.80000000002
frame7828.jpg,261194.2666666667
frame7832.jpg,261327.73333333337
frame7836.jpg,261461.2
frame7840.jpg,261594.6666666667
frame7844.jpg,261728.13333333336
frame7848.jpg,261861.6
frame7852.jpg,261995.06666666668
frame7856.jpg,262128.53333333333
frame7860.jpg,262262.0
frame7864.jpg,262395.4666666667
frame7868.jpg,262528.93333333335
frame7872.jpg,262662.39999999997
frame7876.jpg,262795.86666666664
frame7880.jpg,262929.3333333333
frame7884.jpg,263062.80000000005
frame7888.jpg,263196.2666666667
frame7892.jpg,263329.73333333334
frame7896.jpg,263463.2
frame7900.jpg,263596.6666666667
frame7904.jpg,263730.13333333336
frame7908.jpg,263863.60000000003
frame7912.jpg,263997.0666666667
frame7916.jpg,264130.5333333333
frame7920.jpg,264264.0
frame7924.jpg,264397.4666666667
frame7928.jpg,264530.93333333335
frame7932.jpg,264664.4
frame7936.jpg,264797.86666666664
frame7940.jpg,264931.3333333333
frame7944.jpg,265064.8
frame7948.jpg,265198.26666666666
frame7952.jpg,265331.73333333334
frame7956.jpg,265465.2
frame7960.jpg,265598.6666666667
frame7964.jpg,265732.13333333336
frame7968.jpg,265865.60000000003
frame7972.jpg,265999.0666666667
frame7976.jpg,266132.5333333334
frame7980.jpg,266266.0
frame7984.jpg,266399.4666666667
frame7988.jpg,266532.93333333335
frame7992.jpg,266666.4
frame7996.jpg,266799.8666666667
frame8000.jpg,266933.3333333333
frame8004.jpg,267066.8
frame8008.jpg,267200.26666666666
frame8012.jpg,267333.73333333334
frame8016.jpg,267467.2
frame8020.jpg,267600.6666666666
frame8024.jpg,267734.1333333333
frame8028.jpg,267867.60000000003
frame8032.jpg,268001.0666666667
frame8036.jpg,268134.5333333334
frame8040.jpg,268268.0
frame8044.jpg,268401.4666666667
frame8048.jpg,268534.93333333335
frame8052.jpg,268668.4
frame8056.jpg,268801.8666666667
frame8060.jpg,268935.3333333334
frame8064.jpg,269068.8
frame8068.jpg,269202.26666666666
frame8072.jpg,269335.73333333334
frame8076.jpg,269469.2
frame8080.jpg,269602.6666666667
frame8084.jpg,269736.1333333333
frame8088.jpg,269869.6
frame8092.jpg,270003.06666666665
